seriana,f,21,5
ghosty,m,20,0
jordancorbett,m,22,5
louiealex,m,20,9
drew hat,m,20,7
reilly,m,21,0
euan,m,21,6
jwd,m,22,4.5
noah,m,19,0
aamoritz,m,19,1
infamouswolf,m,19,1
shaun chr,m,N/A,1
markjc,m,24,0
awarcrime,f,21,2
officialganchev,m,20,6
dylan bladen,m,22,5
dr.abram,m,N/A,2
kathbh,f,19,2
oscar,m,21,3
stefan,m,18,0
sayaaendo,m,23,1
therobvlog,m,23,4
gerard,m,22,2
john morton,m,20,1
trevor winstral,m,22,9
liam,m,21,0
breezy,f,23,0
desmitty,m,22,5
fox cade,m,21,4
ncooper,m,19,0
devingfx,m,20,6
dylan salem,m,20,0
csmylli3,m,17,1
liam shu,m,22,2
the one suit man,m,19,6
noodles,f,18,5
cubington,m,21,0
ethan cate,m,19,2
joy gurll,m,20,0
dripzuma,m,20,3.5
somerandomdylan,m,18,6
evan eberto,m,21,4
travis atchley,m,22,0
who ray young,m,24,1
zachalack,m,18,0
dr golda,m,20,0.5
haley girard,f,20,3.5
obstril,f,18,0
timothy,m,21,1
aidenace,m,19,4
thesolo1k,m,21,6
paolo,m,19,0
tarzan ma,m,18,0
cameron mm,m,18,3
punished buzz,m,20,3
jack luce,m,20,4
bora,m,20,3
dante surodjo,m,20,2
old.right,m,23,4
da luka,m,20,6
david ticacala,m,22,5
luke arney,m,21,0
devin7,m,25,6
realjosh,m,18,8
scott north,m,20,3
bronlejame,m,19,3
mmlyniec,m,18,1
chefylocks,m,20,2
ben jensen,m,23,4
maduque,m,19,2
scao.exe,m,18,4
russellvan,m,19,3
finger_area,m,19,2
gamebro,m,29,3
gumboism,m,19,0
dallin slade,m,22,1
cade bruce,m,22,3
angela larson,f,21,6
susan song,f,20,6
natalie,f,19,4
lunchtrey,m,23,2
freespeech,m,19,10
sonny,m,19,1
ros,m,19,0
